{"cameraMode":{"drawMode":0,"name":"Shaded","section":"Shading Mode"},"sceneLighting":true,"audioPlay":false,"sceneViewState":{"m_AlwaysRefresh":false,"showFog":true,"showSkybox":true,"showFlares":true,"showImageEffects":true,"showParticleSystems":true,"showVisualEffectGraphs":true,"m_FxEnabled":true},"in2DMode":false,"pivot":{"x":-0.07673168182373047,"y":0.48021841049194338,"z":-1.5158777236938477},"rotation":{"x":0.2661813497543335,"y":-0.019729744642972947,"z":0.005199856590479612,"w":0.9640219807624817},"size":5.84450626373291,"orthographic":false}