{"cameraMode":{"drawMode":0,"name":"Shaded","section":"Shading Mode"},"sceneLighting":true,"audioPlay":false,"sceneViewState":{"m_AlwaysRefresh":false,"showFog":true,"showSkybox":true,"showFlares":true,"showImageEffects":true,"showParticleSystems":true,"showVisualEffectGraphs":true,"m_FxEnabled":true},"in2DMode":false,"pivot":{"x":5.876204490661621,"y":0.6384194493293762,"z":1.7552690505981446},"rotation":{"x":0.008146998472511769,"y":-0.2842552661895752,"z":0.0020735503640025856,"w":0.9590278267860413},"size":6.363083839416504,"orthographic":false}