{"cameraMode":{"drawMode":0,"name":"Shaded","section":"Shading Mode"},"sceneLighting":true,"audioPlay":false,"sceneViewState":{"m_AlwaysRefresh":false,"showFog":true,"showSkybox":true,"showFlares":true,"showImageEffects":true,"showParticleSystems":true,"showVisualEffectGraphs":true,"m_FxEnabled":true},"in2DMode":false,"pivot":{"x":0.1597478985786438,"y":-12.477608680725098,"z":2.094916820526123},"rotation":{"x":0.6742474436759949,"y":-0.005412669386714697,"z":0.004749627783894539,"w":0.738718569278717},"size":11.36549186706543,"orthographic":false}