{"cameraMode":{"drawMode":0,"name":"Shaded","section":"Shading Mode"},"sceneLighting":false,"audioPlay":false,"sceneViewState":{"m_AlwaysRefresh":false,"showFog":true,"showSkybox":false,"showFlares":true,"showImageEffects":true,"showParticleSystems":true,"showVisualEffectGraphs":true,"m_FxEnabled":true},"in2DMode":false,"pivot":{"x":2.1926369667053224,"y":-2.8766298294067385,"z":14.860004425048829},"rotation":{"x":0.14631979167461396,"y":0.6712257266044617,"z":-0.13756823539733888,"w":0.7135998606681824},"size":0.833308219909668,"orthographic":false}