{"cameraMode":{"drawMode":0,"name":"Shaded","section":"Shading Mode"},"sceneLighting":false,"audioPlay":false,"sceneViewState":{"m_AlwaysRefresh":false,"showFog":true,"showSkybox":false,"showFlares":true,"showImageEffects":true,"showParticleSystems":true,"showVisualEffectGraphs":true,"m_FxEnabled":true},"in2DMode":false,"pivot":{"x":-1.0698821544647217,"y":-3.8091061115264894,"z":8.448404312133789},"rotation":{"x":0.32700201869010928,"y":-0.07707906514406204,"z":0.026552889496088029,"w":0.941709578037262},"size":12.602721214294434,"orthographic":false}