{"cameraMode":{"drawMode":0,"name":"Shaded","section":"Shading Mode"},"sceneLighting":false,"audioPlay":false,"sceneViewState":{"m_AlwaysRefresh":false,"showFog":true,"showSkybox":false,"showFlares":true,"showImageEffects":true,"showParticleSystems":true,"showVisualEffectGraphs":true,"m_FxEnabled":true},"in2DMode":false,"pivot":{"x":0.2988312244415283,"y":-0.14612534642219544,"z":8.139982223510743},"rotation":{"x":-0.002792683197185397,"y":-0.9040672779083252,"z":0.4280477464199066,"w":-0.005281269084662199},"size":2.1569809913635256,"orthographic":false}