{"cameraMode":{"drawMode":0,"name":"Shaded","section":"Shading Mode"},"sceneLighting":false,"audioPlay":false,"sceneViewState":{"m_AlwaysRefresh":false,"showFog":true,"showSkybox":false,"showFlares":true,"showImageEffects":true,"showParticleSystems":true,"showVisualEffectGraphs":true,"m_FxEnabled":true},"in2DMode":false,"pivot":{"x":2.183828353881836,"y":-2.810610294342041,"z":14.515837669372559},"rotation":{"x":-0.027701295912265779,"y":-0.9598131775856018,"z":0.10193563252687454,"w":-0.26025769114494326},"size":0.32366085052490237,"orthographic":false}