{"cameraMode":{"drawMode":0,"name":"Shaded","section":"Shading Mode"},"sceneLighting":false,"audioPlay":false,"sceneViewState":{"m_AlwaysRefresh":false,"showFog":true,"showSkybox":false,"showFlares":true,"showImageEffects":true,"showParticleSystems":true,"showVisualEffectGraphs":true,"m_FxEnabled":true},"in2DMode":false,"pivot":{"x":0.1294483244419098,"y":-1.3941426277160645,"z":1.0880563259124756},"rotation":{"x":0.42879626154899599,"y":0.04580686241388321,"z":-0.02171431854367256,"w":0.9021166563034058},"size":1.3652184009552003,"orthographic":false}