{"cameraMode":{"drawMode":0,"name":"Shaded","section":"Shading Mode"},"sceneLighting":false,"audioPlay":false,"sceneViewState":{"m_AlwaysRefresh":false,"showFog":true,"showSkybox":false,"showFlares":true,"showImageEffects":true,"showParticleSystems":true,"showVisualEffectGraphs":true,"m_FxEnabled":true},"in2DMode":false,"pivot":{"x":2.1581578254699709,"y":-2.839470386505127,"z":14.601058006286621},"rotation":{"x":0.02300124242901802,"y":0.9722017049789429,"z":-0.2078307718038559,"w":0.10777345299720764},"size":0.3718187212944031,"orthographic":false}