{"cameraMode":{"drawMode":0,"name":"Shaded","section":"Shading Mode"},"sceneLighting":false,"audioPlay":false,"sceneViewState":{"m_AlwaysRefresh":false,"showFog":true,"showSkybox":false,"showFlares":true,"showImageEffects":true,"showParticleSystems":true,"showVisualEffectGraphs":true,"m_FxEnabled":true},"in2DMode":false,"pivot":{"x":-0.014598112553358078,"y":-0.34572112560272219,"z":9.769553184509278},"rotation":{"x":0.5780689120292664,"y":0.005775986704975367,"z":-0.004302362445741892,"w":0.816268801689148},"size":0.677041232585907,"orthographic":false}