{"cameraMode":{"drawMode":0,"name":"Shaded","section":"Shading Mode"},"sceneLighting":false,"audioPlay":false,"sceneViewState":{"m_AlwaysRefresh":false,"showFog":true,"showSkybox":false,"showFlares":true,"showImageEffects":true,"showParticleSystems":true,"showVisualEffectGraphs":true,"m_FxEnabled":true},"in2DMode":false,"pivot":{"x":-0.02030397765338421,"y":-0.17210733890533448,"z":7.750716686248779},"rotation":{"x":0.7147431969642639,"y":0.01237579621374607,"z":-0.013089923188090325,"w":0.6994743347167969},"size":0.5897395014762878,"orthographic":false}